{"cameraMode":{"drawMode":0,"name":"Shaded","section":"Shading Mode"},"sceneLighting":true,"audioPlay":false,"sceneViewState":{"m_AlwaysRefresh":false,"showFog":true,"showSkybox":true,"showFlares":true,"showImageEffects":true,"showParticleSystems":true,"showVisualEffectGraphs":true,"m_FxEnabled":true},"in2DMode":false,"pivot":{"x":447.7400817871094,"y":272.1018371582031,"z":27.970352172851564},"rotation":{"x":-0.0038980478420853616,"y":0.012592734768986702,"z":-0.000041585954022593796,"w":-0.9999269843101502},"size":318.5649108886719,"orthographic":false}